{
  "months": 24,
  "true_spending_total": 155997.15,
  "transfers_total": 28800,
  "cc_payments_total": 27526.75,
  "income_total": 187060.66,
  "by_month": {
    "2024-07": {
      "spending": 5698.49,
      "income": 7434.53
    },
    "2024-08": {
      "spending": 8191.930000000002,
      "income": 7701.42
    },
    "2024-09": {
      "spending": 5727.0999999999985,
      "income": 6800
    },
    "2024-10": {
      "spending": 5648.749999999998,
      "income": 7133.68
    },
    "2024-11": {
      "spending": 7258.569999999999,
      "income": 6800
    },
    "2024-12": {
      "spending": 5654.45,
      "income": 11481.77
    },
    "2025-01": {
      "spending": 5593.68,
      "income": 7512.75
    },
    "2025-02": {
      "spending": 5406.83,
      "income": 7590.48
    },
    "2025-03": {
      "spending": 5704.080000000001,
      "income": 7373.85
    },
    "2025-04": {
      "spending": 9696.199999999997,
      "income": 6800
    },
    "2025-05": {
      "spending": 6174.42,
      "income": 7596.75
    },
    "2025-06": {
      "spending": 6624.1,
      "income": 7702.83
    },
    "2025-07": {
      "spending": 5904.45,
      "income": 6800
    },
    "2025-08": {
      "spending": 10560.43,
      "income": 7400.14
    },
    "2025-09": {
      "spending": 5973.759999999999,
      "income": 7842.1900000000005
    },
    "2025-10": {
      "spending": 5670.679999999999,
      "income": 7778.04
    },
    "2025-11": {
      "spending": 5584.039999999999,
      "income": 7648.09
    },
    "2025-12": {
      "spending": 5856.690000000001,
      "income": 12177.369999999999
    },
    "2026-01": {
      "spending": 6060.39,
      "income": 8058.43
    },
    "2026-02": {
      "spending": 5898.539999999998,
      "income": 7208
    },
    "2026-03": {
      "spending": 5986.670000000002,
      "income": 7208
    },
    "2026-04": {
      "spending": 9559.940000000002,
      "income": 7808.32
    },
    "2026-05": {
      "spending": 5259.67,
      "income": 7565.68
    },
    "2026-06": {
      "spending": 6303.29,
      "income": 7638.34
    }
  },
  "true_monthly_spending_avg": 6499.88,
  "account_balances": {
    "checking": 22400,
    "visa": -118,
    "amex": -48.39,
    "brokerage": 148000,
    "fiveto9a": 21500,
    "fiveto9b": 14200
  },
  "retirement_balances": {
    "401k": 386000,
    "rollover_ira": 118000
  },
  "txn_count": 912,
  "prng_seed": "0x5EED2026"
}